age,tenure_months,monthly_charges,total_charges,contract,internet_service,payment_method,support_tickets,churn
56,32,94.6,2063.06,one-year,none,bank-transfer,4,0
69,9,78.34,5977.18,one-year,fiber,bank-transfer,1,0
46,19,116.22,364.91,month-to-month,fiber,bank-transfer,4,0
32,48,57.49,99999.0,two-year,fiber,bank-transfer,2,1
60,3,48.57,6123.42,two-year,dsl,electronic-check,1,0
25,20,106.86,7026.45,month-to-month,dsl,credit-card,3,0
38,24,42.36,2802.45,month-to-month,dsl,credit-card,1,0
56,54,116.32,6587.93,one-year,dsl,credit-card,4,0
36,33,21.22,973.99,month-to-month,none,credit-card,0,0
40,24,116.99,6786.97,two-year,none,credit-card,1,0
28,36,,1107.16,month-to-month,dsl,credit-card,0,1
28,38,,3238.57,one-year,none,credit-card,1,0
41,25,,6398.63,one-year,fiber,credit-card,0,0
53,18,,1284.35,one-year,fiber,electronic-check,0,1
57,66,,1911.09,one-year,fiber,credit-card,3,0
41,54,,5805.8,one-year,dsl,electronic-check,1,1
20,35,116.93,5788.29,month-to-month,fiber,bank-transfer,1,0
39,61,72.31,5165.07,month-to-month,none,credit-card,1,1
19,41,82.94,5582.19,month-to-month,dsl,bank-transfer,2,0
41,33,89.57,4387.52,month-to-month,none,bank-transfer,0,1
61,68,65.45,2089.21,one-year,fiber,bank-transfer,2,1
47,33,82.76,2831.0,two-year,fiber,electronic-check,1,0
55,14,78.43,1534.62,month-to-month,fiber,bank-transfer,2,1
19,21,110.12,7276.76,two-year,dsl,bank-transfer,0,0
38,48,24.54,4708.8,month-to-month,none,bank-transfer,0,0
50,20,48.1,3266.73,,dsl,credit-card,1,0
29,8,115.04,3749.85,,dsl,credit-card,1,0
39,7,109.03,7583.54,,fiber,electronic-check,4,0
61,67,65.57,1311.48,,dsl,electronic-check,2,0
42,17,82.01,4731.22,month-to-month,dsl,credit-card,0,0
66,33,47.74,4096.52,month-to-month,fiber,electronic-check,2,1
44,48,38.81,4930.49,two-year,dsl,credit-card,1,1
59,59,66.37,243.07,one-year,fiber,bank-transfer,3,0
45,22,55.34,6989.78,two-year,fiber,bank-transfer,1,0
33,30,78.37,7463.73,two-year,fiber,electronic-check,0,0
32,38,27.77,4564.55,one-year,fiber,credit-card,1,0
64,51,117.44,5603.54,two-year,dsl,credit-card,0,0
68,54,118.62,7387.75,one-year,fiber,electronic-check,1,0
61,8,89.82,5687.19,month-to-month,fiber,credit-card,0,0
69,27,73.61,1305.06,one-year,dsl,bank-transfer,2,1
20,27,50.95,4652.68,month-to-month,dsl,electronic-check,2,0
54,21,101.38,4893.05,two-year,none,electronic-check,2,0
68,30,88.47,3450.63,two-year,dsl,credit-card,0,0
24,28,36.26,5917.91,month-to-month,dsl,electronic-check,1,0
38,64,111.09,7481.5,two-year,none,credit-card,2,0
26,69,102.25,7411.99,one-year,dsl,credit-card,1,0
56,61,114.98,3661.63,month-to-month,dsl,credit-card,5,0
35,48,92.57,994.58,two-year,dsl,credit-card,2,0
21,19,81.34,7880.25,month-to-month,dsl,credit-card,1,1
42,4,61.82,6727.29,one-year,none,electronic-check,3,1
31,35,113.27,1084.84,one-year,dsl,bank-transfer,3,0
67,64,106.61,7374.65,two-year,dsl,bank-transfer,1,0
26,49,24.52,6972.18,one-year,none,electronic-check,3,0
43,17,22.64,4198.82,month-to-month,fiber,electronic-check,0,0
19,44,57.65,4771.08,one-year,none,bank-transfer,1,0
37,30,101.06,3252.12,month-to-month,fiber,bank-transfer,0,0
45,46,118.73,532.62,month-to-month,none,bank-transfer,0,0
64,6,35.04,2748.06,one-year,none,bank-transfer,3,0
24,37,79.41,6442.54,two-year,dsl,bank-transfer,2,0
61,24,58.09,136.59,one-year,fiber,credit-card,0,1
25,46,116.99,2734.64,month-to-month,dsl,electronic-check,0,1
64,53,104.21,3245.53,month-to-month,fiber,credit-card,0,0
52,60,103.83,4345.43,one-year,none,bank-transfer,2,0
31,63,66.87,7366.86,two-year,none,bank-transfer,0,1
34,32,61.48,2836.13,two-year,fiber,bank-transfer,0,0
53,33,47.34,2840.93,month-to-month,dsl,credit-card,2,1
67,67,25.64,5926.26,month-to-month,dsl,credit-card,2,0
57,18,106.47,3672.52,two-year,dsl,bank-transfer,0,1
21,25,101.29,1874.38,one-year,dsl,credit-card,3,0
19,54,119.97,3674.27,month-to-month,none,credit-card,0,1
23,58,119.66,1212.77,month-to-month,none,bank-transfer,3,1
59,67,75.54,1493.46,two-year,none,credit-card,3,0
21,46,96.9,4037.11,one-year,none,electronic-check,1,0
46,24,114.48,3409.51,two-year,none,electronic-check,2,1
35,32,104.96,7327.28,one-year,dsl,electronic-check,1,0
43,47,44.73,2962.91,one-year,dsl,electronic-check,3,1
61,23,65.05,4686.65,one-year,dsl,bank-transfer,0,0
51,66,32.92,5094.89,month-to-month,dsl,bank-transfer,0,0
27,27,115.41,203.45,two-year,none,bank-transfer,2,0
53,2,80.62,5341.95,two-year,none,electronic-check,4,0
31,17,42.86,1506.48,one-year,none,electronic-check,3,1
48,33,87.17,7692.46,month-to-month,fiber,credit-card,2,0
65,9,81.81,1274.44,month-to-month,dsl,credit-card,3,0
32,43,55.82,3375.53,two-year,dsl,electronic-check,0,0
25,48,31.36,774.26,month-to-month,none,electronic-check,0,0
31,39,87.16,7975.31,month-to-month,dsl,electronic-check,2,1
40,42,72.03,4067.34,one-year,dsl,electronic-check,3,1
57,26,97.23,4803.54,month-to-month,none,credit-card,2,0
38,50,72.02,629.9,one-year,fiber,electronic-check,3,1
33,25,105.22,6024.69,two-year,fiber,credit-card,1,1
62,24,75.19,1758.25,month-to-month,fiber,electronic-check,1,0
35,13,76.09,7194.63,two-year,none,electronic-check,1,1
64,60,107.67,1720.6,two-year,dsl,electronic-check,1,0
41,7,60.35,1606.43,month-to-month,none,credit-card,2,0
43,57,33.4,388.74,month-to-month,none,credit-card,3,1
42,36,22.88,3829.33,two-year,dsl,bank-transfer,2,0
62,45,95.51,4562.24,month-to-month,fiber,electronic-check,0,1
58,20,82.03,619.1,one-year,fiber,bank-transfer,1,1
46,65,90.41,6226.67,one-year,none,bank-transfer,1,0
32,8,41.3,3680.98,month-to-month,fiber,credit-card,2,1
62,16,33.64,4242.68,two-year,none,credit-card,0,0
18,14,21.45,3582.03,month-to-month,none,bank-transfer,3,0
42,15,55.06,3266.03,month-to-month,dsl,electronic-check,3,0
24,66,78.99,4521.16,two-year,dsl,credit-card,1,1
26,32,59.22,1326.4,two-year,dsl,electronic-check,1,0
41,63,63.75,1537.23,one-year,none,electronic-check,1,0
18,51,110.42,6908.11,two-year,dsl,bank-transfer,1,0
61,25,54.83,7574.31,one-year,fiber,bank-transfer,2,0
25,58,71.4,3049.14,two-year,fiber,bank-transfer,0,0
41,63,98.37,2238.88,month-to-month,none,bank-transfer,2,0
28,62,59.65,5187.6,one-year,none,credit-card,3,0
68,22,82.21,3329.0,one-year,dsl,credit-card,2,0
34,58,106.24,300.55,one-year,none,bank-transfer,0,1
25,58,114.95,1333.61,month-to-month,none,credit-card,2,0
52,49,34.71,5756.18,month-to-month,fiber,bank-transfer,2,0
52,52,112.66,5305.5,month-to-month,fiber,electronic-check,0,1
50,42,69.21,314.06,month-to-month,dsl,electronic-check,1,0
22,70,45.82,1853.58,month-to-month,none,electronic-check,0,1
59,15,65.91,1925.49,one-year,none,bank-transfer,0,0
56,54,118.0,5407.95,month-to-month,fiber,electronic-check,5,1
58,60,69.26,255.71,one-year,none,credit-card,2,0
45,8,52.88,922.46,month-to-month,fiber,electronic-check,2,0
24,53,83.34,6419.34,two-year,dsl,electronic-check,2,0
26,60,44.01,1510.5,one-year,fiber,electronic-check,1,1
25,5,27.59,5256.69,two-year,none,credit-card,0,0
29,68,32.89,1981.64,one-year,dsl,bank-transfer,0,0
51,6,32.8,885.59,two-year,fiber,credit-card,2,1
50,47,35.19,2021.06,month-to-month,fiber,bank-transfer,2,1
65,55,33.88,5805.91,month-to-month,dsl,bank-transfer,3,0
40,40,84.09,6860.0,month-to-month,dsl,electronic-check,2,1
41,52,38.19,6658.74,one-year,fiber,bank-transfer,0,1
54,16,54.57,3237.75,two-year,none,credit-card,0,0
52,13,109.68,5377.87,month-to-month,fiber,credit-card,2,0
61,30,67.4,1719.38,two-year,dsl,bank-transfer,2,0
57,19,86.76,2415.87,two-year,fiber,electronic-check,1,0
39,17,37.23,7181.05,month-to-month,dsl,electronic-check,3,0
44,63,39.23,202.72,month-to-month,dsl,credit-card,0,0
52,19,24.09,775.52,two-year,none,electronic-check,1,0
18,58,36.89,1742.3,month-to-month,dsl,bank-transfer,2,0
52,55,47.86,309.6,month-to-month,dsl,bank-transfer,1,0
54,62,37.7,1533.34,month-to-month,none,credit-card,2,1
64,23,28.87,4706.03,one-year,dsl,bank-transfer,1,1
31,9,32.06,3429.25,two-year,none,credit-card,0,0
20,12,66.08,7152.11,two-year,none,bank-transfer,1,1
18,1,40.63,6557.8,one-year,dsl,credit-card,1,0
22,58,56.43,2800.36,two-year,dsl,electronic-check,2,0
43,1,70.34,2149.45,month-to-month,fiber,bank-transfer,4,0
31,34,89.04,3099.57,two-year,none,bank-transfer,1,0
56,48,23.93,4763.33,month-to-month,fiber,credit-card,2,1
44,1,99.94,2217.7,one-year,dsl,credit-card,1,0
26,16,82.79,5030.78,month-to-month,fiber,bank-transfer,3,0
32,61,28.18,3334.35,two-year,none,credit-card,1,0
32,64,107.36,4461.17,two-year,fiber,bank-transfer,0,0
43,63,112.09,3545.4,two-year,none,electronic-check,1,0
59,69,26.11,2426.28,one-year,dsl,credit-card,3,0
30,22,47.69,7592.78,one-year,dsl,bank-transfer,2,0
68,67,100.62,6132.49,two-year,none,electronic-check,2,1
49,26,94.83,1206.89,month-to-month,dsl,electronic-check,1,1
56,16,38.45,6960.9,one-year,dsl,bank-transfer,0,0
66,51,40.93,3950.71,two-year,dsl,credit-card,4,1
69,57,57.05,7166.96,two-year,dsl,bank-transfer,2,0
49,29,68.45,6418.86,one-year,none,electronic-check,2,0
21,69,81.83,3459.19,one-year,fiber,bank-transfer,0,0
47,47,56.89,277.51,one-year,fiber,credit-card,1,0
54,62,66.25,2222.55,month-to-month,dsl,electronic-check,1,1
40,69,94.75,4378.91,month-to-month,fiber,bank-transfer,2,0
56,16,23.67,5104.48,two-year,fiber,credit-card,0,0
62,48,45.24,2137.31,one-year,dsl,electronic-check,3,0
32,39,91.33,1200.91,month-to-month,dsl,credit-card,3,0
60,33,109.52,6695.95,one-year,fiber,electronic-check,0,1
46,23,71.17,7876.78,two-year,none,bank-transfer,3,0
53,10,73.21,4252.95,month-to-month,dsl,credit-card,0,0
30,69,30.72,1456.27,month-to-month,none,electronic-check,2,0
49,34,64.74,2251.23,month-to-month,fiber,credit-card,2,0
24,52,73.26,245.29,two-year,dsl,credit-card,1,0
68,10,44.25,7322.96,one-year,none,bank-transfer,4,0
39,19,46.92,1030.23,month-to-month,dsl,credit-card,2,0
45,58,57.73,4654.48,two-year,fiber,electronic-check,2,0
19,1,22.01,2265.04,one-year,none,electronic-check,2,1
59,69,52.21,4478.01,two-year,fiber,electronic-check,1,1
62,4,41.14,5246.22,one-year,fiber,electronic-check,0,0
23,16,52.75,6654.96,two-year,dsl,bank-transfer,0,0
45,24,31.98,1730.73,one-year,none,credit-card,2,0
45,2,109.05,186.87,month-to-month,fiber,bank-transfer,2,1
61,32,79.36,1181.4,one-year,fiber,credit-card,4,0
61,24,87.91,7210.15,two-year,none,credit-card,3,0
37,12,98.92,7003.73,two-year,fiber,credit-card,2,0
47,50,69.84,4819.56,one-year,fiber,bank-transfer,0,0
28,35,28.69,4844.08,month-to-month,none,credit-card,2,0
45,33,73.71,5353.79,month-to-month,none,bank-transfer,1,0
42,33,78.68,1485.43,one-year,none,electronic-check,1,0
56,61,94.54,7323.85,one-year,none,electronic-check,4,0
50,51,63.17,3408.29,two-year,dsl,credit-card,2,0
18,43,32.76,3126.79,month-to-month,none,bank-transfer,1,0
44,12,48.38,4199.45,one-year,dsl,electronic-check,2,0
69,67,56.31,471.03,month-to-month,dsl,bank-transfer,2,0
30,65,84.59,1413.64,one-year,dsl,bank-transfer,1,0
58,33,77.08,5930.47,one-year,fiber,credit-card,1,0
20,40,55.61,754.11,month-to-month,dsl,electronic-check,3,1
56,43,118.65,4864.9,one-year,dsl,credit-card,4,0
23,44,80.58,2038.26,one-year,fiber,credit-card,1,0
25,29,43.72,3175.44,two-year,fiber,electronic-check,1,0
44,13,30.18,2380.68,one-year,fiber,electronic-check,0,0
26,12,35.29,2909.81,one-year,none,bank-transfer,1,0
54,46,44.6,5780.46,one-year,fiber,electronic-check,2,0
50,2,36.07,2447.26,two-year,fiber,bank-transfer,2,0
68,35,38.66,4574.6,month-to-month,dsl,bank-transfer,0,1
59,8,48.51,3860.8,two-year,fiber,bank-transfer,0,0
61,26,37.34,5343.0,two-year,none,electronic-check,1,1
41,34,109.68,7500.95,month-to-month,fiber,credit-card,5,1
32,7,28.02,5887.32,two-year,none,bank-transfer,3,0
49,68,72.45,1798.03,month-to-month,fiber,credit-card,1,1
49,58,61.04,346.35,two-year,fiber,credit-card,2,0
41,29,118.24,2171.89,month-to-month,fiber,electronic-check,1,1
58,36,31.2,4801.12,one-year,fiber,credit-card,1,0
69,21,59.79,506.26,two-year,none,credit-card,2,0
66,36,116.95,4021.29,two-year,none,electronic-check,3,0
66,10,106.55,4815.06,two-year,dsl,bank-transfer,1,0
69,24,101.71,2740.53,two-year,none,credit-card,2,0
29,64,45.79,6190.21,one-year,fiber,electronic-check,2,0
56,49,37.09,942.13,two-year,dsl,credit-card,0,0
19,36,86.86,693.59,one-year,dsl,credit-card,2,0
20,24,112.94,5852.69,one-year,dsl,bank-transfer,1,0
66,23,75.68,4014.38,one-year,fiber,credit-card,1,0
54,62,77.16,5538.38,one-year,none,electronic-check,1,1
66,37,48.0,3535.14,month-to-month,fiber,credit-card,1,1
34,12,96.95,2046.58,month-to-month,dsl,bank-transfer,0,1
66,55,38.7,6570.91,two-year,fiber,bank-transfer,5,0
19,13,52.37,6415.39,month-to-month,fiber,electronic-check,0,0
19,23,62.54,5588.1,month-to-month,none,bank-transfer,1,0
45,30,70.76,2249.95,two-year,none,credit-card,0,1
40,17,44.24,4762.82,two-year,dsl,bank-transfer,4,0
54,62,31.48,2951.69,two-year,fiber,electronic-check,2,0
49,13,81.06,823.5,month-to-month,fiber,bank-transfer,0,0
50,59,48.86,7346.78,month-to-month,none,bank-transfer,5,1
18,19,78.12,1180.87,two-year,fiber,bank-transfer,1,0
36,49,35.44,7606.88,one-year,fiber,electronic-check,2,0
19,12,68.11,3623.45,two-year,fiber,bank-transfer,3,0
61,61,73.26,1562.55,one-year,none,bank-transfer,2,0
43,19,25.18,4381.02,one-year,dsl,credit-card,1,0
49,9,53.66,6996.27,two-year,dsl,electronic-check,1,0
23,71,33.44,5884.58,two-year,fiber,bank-transfer,4,0
49,28,26.34,6471.83,two-year,dsl,electronic-check,1,1
21,52,119.0,5304.39,month-to-month,none,bank-transfer,1,0
28,16,52.24,5568.98,one-year,none,bank-transfer,1,1
34,69,100.99,6808.65,month-to-month,dsl,bank-transfer,0,1
55,12,45.46,2072.38,month-to-month,dsl,credit-card,2,0
41,25,88.15,3966.46,two-year,fiber,credit-card,1,0
22,52,96.02,1847.55,month-to-month,dsl,credit-card,1,0
69,53,79.56,7902.58,two-year,fiber,electronic-check,0,1
51,23,67.16,7558.07,one-year,fiber,electronic-check,1,0
23,16,61.18,411.47,two-year,none,credit-card,0,0
39,57,54.89,5674.04,month-to-month,none,electronic-check,0,0
28,39,112.95,7409.46,month-to-month,none,bank-transfer,0,0
65,53,103.06,1526.55,two-year,none,bank-transfer,0,0
33,42,116.5,4586.77,two-year,dsl,bank-transfer,2,0
50,58,32.43,7332.36,month-to-month,none,credit-card,1,0
26,39,93.09,368.17,one-year,dsl,electronic-check,2,0
23,14,113.83,5609.62,one-year,none,credit-card,1,0
33,5,38.12,2449.06,two-year,dsl,electronic-check,1,0
46,35,26.65,7402.73,one-year,fiber,bank-transfer,4,0
20,18,94.11,7771.36,month-to-month,dsl,credit-card,1,0
37,9,77.45,7559.71,two-year,dsl,electronic-check,1,1
53,58,104.18,3846.29,month-to-month,none,electronic-check,3,0
36,17,33.98,6910.14,month-to-month,dsl,bank-transfer,3,0
43,7,99.53,6771.94,one-year,fiber,credit-card,1,0
20,46,40.16,2620.89,two-year,fiber,credit-card,1,0
36,13,36.37,6648.43,two-year,none,credit-card,2,0
37,40,36.43,392.36,one-year,fiber,bank-transfer,1,0
49,42,101.46,4810.53,month-to-month,dsl,credit-card,1,1
24,9,86.52,1917.07,month-to-month,fiber,bank-transfer,2,0
69,50,72.31,1052.48,month-to-month,none,bank-transfer,0,0
58,27,55.88,707.93,month-to-month,dsl,bank-transfer,3,0
50,66,107.72,5600.68,two-year,none,electronic-check,1,0
57,5,59.24,2785.01,two-year,dsl,credit-card,0,0
56,29,101.66,5825.66,one-year,fiber,credit-card,5,0
35,37,63.91,616.32,one-year,none,bank-transfer,1,0
57,38,57.69,2590.79,two-year,none,bank-transfer,1,0
18,8,66.27,4361.98,two-year,dsl,credit-card,0,0
28,65,50.14,6346.71,month-to-month,none,bank-transfer,1,0
45,17,94.76,2618.14,month-to-month,dsl,credit-card,2,0
42,71,70.27,5044.54,one-year,dsl,electronic-check,0,0
67,45,43.22,7099.22,two-year,dsl,bank-transfer,1,1
40,4,109.96,4965.32,one-year,dsl,credit-card,4,0
48,36,58.39,1940.38,two-year,fiber,bank-transfer,1,0
47,70,74.36,292.77,month-to-month,dsl,credit-card,2,0
59,31,110.65,6973.78,one-year,none,credit-card,4,1
52,19,82.42,268.03,one-year,fiber,bank-transfer,1,1
24,61,31.69,7010.14,two-year,none,electronic-check,1,0
33,54,113.98,4278.6,month-to-month,fiber,credit-card,2,1
43,39,82.77,7518.63,one-year,dsl,credit-card,0,0
65,19,53.49,6410.39,month-to-month,fiber,credit-card,1,0
69,39,33.93,7983.68,one-year,fiber,electronic-check,2,1
66,67,99.4,2870.62,month-to-month,none,electronic-check,0,1
19,45,82.01,6160.79,two-year,none,bank-transfer,2,0
18,13,73.35,3275.25,one-year,dsl,electronic-check,0,0
65,58,109.39,3891.02,one-year,fiber,bank-transfer,1,0
29,20,98.86,5057.29,month-to-month,fiber,bank-transfer,2,0
22,61,35.17,7002.05,month-to-month,fiber,electronic-check,0,1
54,39,51.17,7874.26,one-year,dsl,bank-transfer,3,0
