square_feet,bedrooms,bathrooms,year_built,garage_cars,neighborhood,condition,price
3503,2,2.0,2023,0.0,suburbs,good,763200.0
4409,5,2.5,1999,2.0,rural,excellent,940900.0
15000,5,1.0,2018,0.0,suburbs,good,634500.0
2251,4,2.0,2014,2.0,rural,fair,566900.0
1419,2,1.0,2021,2.0,downtown,fair,306500.0
3302,4,1.0,1963,,suburbs,fair,709700.0
3120,2,1.5,2018,,rural,good,669800.0
1183,4,1.5,2019,,waterfront,fair,339900.0
1672,5,2.5,2011,,rural,good,464500.0
4418,5,3.0,1970,,suburbs,fair,937300.0
3999,1,1.0,2017,2.0,downtown,fair,757100.0
3370,3,3.0,1990,0.0,suburbs,good,773000.0
1006,4,2.5,2002,3.0,suburbs,fair,325700.0
1156,1,1.0,1991,2.0,rural,excellent,279000.0
2907,3,1.0,1986,3.0,waterfront,good,632800.0
1030,4,3.5,1989,0.0,suburbs,good,313100.0
3523,2,3.0,2002,2.0,waterfront,good,769600.0
924,3,2.0,1961,3.0,rural,excellent,245400.0
3730,5,1.5,2021,3.0,waterfront,good,846400.0
3476,1,2.0,2023,1.0,rural,fair,677900.0
4275,3,3.0,2008,1.0,downtown,fair,910400.0
2179,3,1.5,1968,1.0,waterfront,fair,458500.0
3816,5,2.0,1987,2.0,waterfront,good,834300.0
3985,4,3.5,1990,0.0,downtown,fair,883100.0
1782,2,1.5,2019,0.0,waterfront,good,410300.0
1343,5,1.0,1993,1.0,downtown,fair,345300.0
1315,2,2.0,2020,1.0,suburbs,excellent,351900.0
894,4,1.5,2015,1.0,rural,excellent,272500.0
1188,3,3.5,1974,3.0,downtown,excellent,361100.0
2904,2,1.5,2007,1.0,waterfront,excellent,611100.0
3357,1,1.5,1984,3.0,,good,595800.0
1949,1,3.5,1995,0.0,,fair,454400.0
3159,5,2.0,1967,2.0,,excellent,663300.0
3976,4,2.5,1968,2.0,,good,791300.0
1802,5,2.0,2017,2.0,suburbs,excellent,454000.0
1847,5,3.0,2017,2.0,rural,excellent,515800.0
3218,5,3.5,1996,3.0,waterfront,good,786300.0
1941,1,2.0,2007,3.0,waterfront,good,449800.0
1215,1,1.5,2004,1.0,suburbs,fair,283700.0
2325,5,3.5,2021,3.0,rural,fair,623700.0
1827,1,1.0,1998,1.0,downtown,excellent,382800.0
1092,4,2.0,1991,1.0,downtown,excellent,304000.0
1330,5,3.5,2017,2.0,waterfront,fair,401100.0
4416,1,2.0,2011,3.0,suburbs,fair,846900.0
2547,2,3.5,1976,3.0,suburbs,good,561500.0
3355,5,1.5,1994,1.0,downtown,fair,740100.0
1679,5,1.0,1996,1.0,rural,fair,423600.0
1133,4,1.0,1978,0.0,rural,excellent,287900.0
4102,3,3.0,2023,0.0,downtown,fair,870100.0
3914,3,3.5,2003,1.0,downtown,excellent,869100.0
3287,4,2.0,1988,0.0,suburbs,fair,681100.0
977,4,1.0,2018,0.0,rural,good,321700.0
932,4,1.0,1966,1.0,downtown,fair,227500.0
2252,3,2.5,1987,1.0,downtown,fair,503100.0
2294,4,2.5,1968,3.0,waterfront,fair,492700.0
1813,1,1.0,2022,1.0,downtown,excellent,398400.0
4263,5,3.5,1987,1.0,downtown,good,958300.0
3970,5,3.0,1965,2.0,rural,fair,866500.0
3109,2,1.0,1988,3.0,suburbs,excellent,656500.0
4212,2,1.5,2017,3.0,rural,good,876800.0
725,5,2.0,1976,3.0,suburbs,excellent,230700.0
3796,1,3.0,1975,2.0,waterfront,excellent,762000.0
2117,3,1.5,1982,1.0,downtown,good,454200.0
3254,3,3.0,1990,3.0,waterfront,fair,748000.0
4072,1,1.5,1962,3.0,suburbs,excellent,749600.0
4110,3,2.0,1980,0.0,rural,excellent,863100.0
3014,4,2.0,2023,3.0,rural,fair,715200.0
1160,5,2.5,1985,1.0,waterfront,fair,399500.0
4464,5,3.5,1995,1.0,suburbs,good,966300.0
3203,1,1.5,2001,0.0,waterfront,good,672100.0
4131,3,2.5,1996,3.0,waterfront,good,924400.0
1791,2,1.5,2012,3.0,downtown,fair,408500.0
1706,2,2.5,1981,3.0,waterfront,excellent,365500.0
3610,3,2.0,2021,2.0,downtown,excellent,736600.0
4183,2,3.0,2001,3.0,downtown,good,893600.0
2694,1,2.5,1971,1.0,rural,fair,511600.0
1190,1,1.5,2001,1.0,downtown,excellent,282700.0
1772,3,1.5,2020,2.0,downtown,good,452900.0
4458,2,3.5,1972,2.0,rural,excellent,916700.0
3311,1,2.0,1970,3.0,waterfront,excellent,669600.0
3873,1,1.5,2013,0.0,suburbs,fair,790100.0
915,4,1.0,1975,2.0,suburbs,fair,288700.0
4209,4,3.0,1967,2.0,suburbs,excellent,859400.0
2423,1,2.5,1999,3.0,waterfront,good,515400.0
2292,3,3.5,2018,3.0,downtown,fair,554600.0
3306,5,3.0,2016,2.0,suburbs,excellent,795600.0
858,5,2.0,1999,0.0,waterfront,fair,323100.0
3236,1,3.5,2004,2.0,downtown,fair,714000.0
1385,1,2.5,2018,3.0,rural,fair,390300.0
4013,1,2.5,1961,3.0,suburbs,excellent,758700.0
3541,3,1.0,1989,2.0,downtown,good,767300.0
2476,4,2.0,1989,0.0,suburbs,good,607000.0
2752,1,3.5,1971,2.0,suburbs,good,607600.0
4367,1,3.5,1969,2.0,suburbs,fair,922800.0
2543,2,1.5,2003,3.0,downtown,excellent,510700.0
3108,3,1.0,1970,0.0,waterfront,fair,619300.0
3206,1,1.0,1974,1.0,downtown,good,604900.0
2995,2,3.5,1975,0.0,suburbs,good,669100.0
2289,5,3.5,1976,2.0,downtown,excellent,543600.0
2396,1,3.0,1985,2.0,rural,fair,545200.0
3693,1,3.0,1961,2.0,waterfront,good,774800.0
3169,2,3.0,2009,0.0,downtown,excellent,717000.0
2646,3,1.0,1971,3.0,rural,fair,557200.0
2762,1,1.5,2010,2.0,waterfront,fair,557500.0
3483,5,2.5,1985,2.0,rural,good,750800.0
4344,1,3.0,1982,0.0,waterfront,good,905800.0
1845,5,1.5,1977,1.0,downtown,fair,470200.0
3024,4,2.0,2021,1.0,rural,fair,692100.0
2281,4,3.0,1991,3.0,suburbs,good,544900.0
3200,5,2.5,2008,3.0,rural,fair,688800.0
4161,3,2.0,2023,2.0,waterfront,good,857600.0
4065,1,2.0,2021,0.0,downtown,fair,883300.0
4345,1,2.5,1997,2.0,waterfront,good,844700.0
3345,4,3.0,2016,3.0,rural,excellent,771600.0
3193,5,1.0,2006,0.0,rural,good,731700.0
2957,1,2.5,1962,0.0,suburbs,good,567500.0
4361,1,2.5,1997,3.0,downtown,excellent,884200.0
3461,3,2.5,1962,1.0,downtown,fair,743000.0
3049,2,2.0,1989,1.0,rural,excellent,642300.0
2632,4,1.5,2020,0.0,downtown,good,683500.0
3994,4,1.0,1960,2.0,suburbs,fair,757200.0
2457,2,3.0,1989,1.0,waterfront,excellent,581900.0
2750,1,3.0,2004,2.0,downtown,fair,600900.0
1689,3,1.5,1991,1.0,rural,fair,423100.0
2241,3,2.5,1987,1.0,waterfront,excellent,531000.0
1816,4,1.0,1980,2.0,waterfront,fair,404600.0
3267,3,3.0,2017,3.0,suburbs,excellent,744400.0
4199,2,3.5,2005,1.0,rural,good,845400.0
1192,1,3.0,1972,1.0,downtown,fair,314200.0
4006,2,2.5,1986,2.0,rural,good,829300.0
1319,5,3.5,1995,3.0,waterfront,good,426400.0
3932,4,1.5,1966,1.0,rural,fair,829000.0
4492,3,1.0,1981,1.0,downtown,excellent,899600.0
3078,5,1.5,1969,3.0,downtown,fair,669900.0
3080,3,1.5,1998,1.0,suburbs,good,637800.0
2797,1,1.0,2012,3.0,downtown,good,562300.0
2246,1,1.0,1974,3.0,downtown,excellent,480100.0
1562,1,3.0,1974,2.0,rural,fair,403300.0
2391,3,3.0,1963,0.0,rural,good,531800.0
4263,5,1.0,1991,3.0,waterfront,good,888300.0
2305,1,3.5,1982,2.0,suburbs,good,494900.0
4452,5,2.0,2014,0.0,rural,excellent,988900.0
3019,3,3.0,1965,1.0,downtown,good,669100.0
1279,5,2.0,1983,0.0,waterfront,good,412200.0
2590,3,3.5,1979,3.0,rural,fair,574400.0
1975,3,1.0,2017,3.0,suburbs,fair,456600.0
3307,4,3.5,1996,3.0,suburbs,good,759800.0
3443,3,3.0,1979,3.0,waterfront,good,756100.0
2555,3,1.5,1971,3.0,waterfront,fair,538300.0
4470,2,1.0,1992,2.0,waterfront,excellent,858400.0
3861,1,2.5,1987,3.0,waterfront,excellent,803600.0
3193,4,2.0,1967,2.0,waterfront,excellent,698400.0
3764,4,3.5,1960,1.0,downtown,excellent,784600.0
2055,4,1.0,1996,3.0,downtown,excellent,512600.0
1862,2,3.5,2022,3.0,rural,excellent,514000.0
1056,3,1.0,1981,0.0,suburbs,excellent,275200.0
2324,1,3.0,1965,1.0,downtown,excellent,499300.0
3021,5,3.0,2020,3.0,downtown,fair,740600.0
3790,3,3.0,1980,3.0,downtown,excellent,781700.0
2706,2,3.5,1991,1.0,rural,excellent,612600.0
3058,3,2.5,1994,2.0,waterfront,excellent,618800.0
1569,3,3.0,1974,3.0,rural,good,420500.0
1585,2,1.0,1964,0.0,suburbs,fair,299500.0
2701,4,3.0,2019,3.0,suburbs,fair,691000.0
2901,4,1.5,2015,0.0,suburbs,fair,647900.0
2113,1,3.0,2005,0.0,suburbs,excellent,486000.0
1983,1,3.5,2009,3.0,downtown,excellent,465400.0
1319,4,2.5,2007,3.0,downtown,good,377800.0
1582,5,1.5,1965,0.0,rural,fair,429200.0
1496,3,3.5,1984,1.0,waterfront,excellent,341300.0
4342,5,3.5,2015,1.0,suburbs,fair,1002500.0
2872,3,3.5,2005,3.0,rural,good,676400.0
4125,4,1.0,2018,2.0,downtown,good,838700.0
1996,1,3.5,2015,1.0,downtown,good,461400.0
1318,1,1.0,1999,3.0,waterfront,fair,345300.0
2534,5,3.5,2022,1.0,waterfront,excellent,627100.0
944,1,2.0,1988,2.0,waterfront,excellent,218500.0
3595,4,1.5,1966,3.0,rural,good,770300.0
3197,5,2.0,1999,2.0,downtown,excellent,730100.0
1629,3,3.5,1972,3.0,downtown,good,394400.0
1970,1,1.5,1997,2.0,waterfront,fair,434600.0
1219,2,1.5,1977,1.0,suburbs,good,267400.0
3912,1,2.5,1961,1.0,waterfront,fair,797500.0
3109,3,2.0,1967,2.0,rural,good,676800.0
707,5,2.5,1970,2.0,waterfront,excellent,273600.0
3225,3,1.5,1992,2.0,waterfront,excellent,690100.0
4123,2,1.0,2013,3.0,rural,good,878600.0
2719,4,1.5,2020,1.0,waterfront,excellent,627400.0
1194,1,2.5,2023,3.0,downtown,excellent,300800.0
2329,5,2.0,1997,1.0,suburbs,excellent,575100.0
3580,4,3.5,2007,0.0,waterfront,fair,864200.0
4198,3,3.5,1986,3.0,rural,excellent,866100.0
1762,5,2.0,1979,1.0,suburbs,fair,438300.0
3340,4,3.5,1971,1.0,rural,good,750400.0
886,5,3.5,2002,3.0,suburbs,excellent,336700.0
4367,2,2.5,2020,3.0,suburbs,excellent,889500.0
4371,2,2.0,1990,1.0,waterfront,excellent,908800.0
3501,1,3.0,1986,3.0,downtown,good,784000.0
2577,1,1.0,1991,2.0,waterfront,fair,528600.0
2840,2,1.0,2020,3.0,rural,fair,586600.0
785,5,3.5,1969,3.0,rural,excellent,254800.0
3815,2,1.0,1962,3.0,suburbs,good,744700.0
836,1,2.0,2004,1.0,suburbs,good,268300.0
3168,2,2.0,1986,2.0,downtown,good,672900.0
2821,2,1.5,1994,0.0,waterfront,good,594900.0
4319,5,1.5,1990,0.0,rural,good,891700.0
2336,4,1.0,1974,2.0,suburbs,fair,484400.0
4283,1,3.0,1975,2.0,downtown,fair,878800.0
3927,5,1.5,2020,2.0,rural,fair,882700.0
4026,2,1.5,1972,1.0,suburbs,excellent,755600.0
2918,2,2.0,2008,0.0,rural,good,673400.0
2451,4,3.0,1994,2.0,downtown,excellent,602700.0
2917,1,3.5,2011,1.0,downtown,good,685800.0
2487,1,1.0,1970,0.0,rural,fair,457100.0
1571,3,1.5,2018,3.0,waterfront,excellent,370000.0
3069,1,3.0,1980,1.0,rural,fair,639700.0
4338,4,3.0,2010,0.0,suburbs,good,953400.0
3203,3,1.0,2013,1.0,waterfront,good,728800.0
1643,3,3.0,1970,0.0,suburbs,good,426400.0
2326,2,3.0,1989,0.0,rural,fair,525800.0
3537,2,3.0,2022,3.0,waterfront,good,750600.0
3360,1,1.5,2019,1.0,suburbs,fair,727800.0
3926,3,1.0,2007,2.0,rural,excellent,785200.0
3636,2,3.0,2012,3.0,rural,good,826800.0
1048,4,3.0,1994,3.0,waterfront,good,328700.0
4222,2,1.5,1981,0.0,rural,good,876500.0
2376,2,1.0,1997,2.0,downtown,excellent,524300.0
1896,3,2.0,1990,1.0,suburbs,good,446900.0
709,3,1.5,1973,2.0,suburbs,fair,200000.0
3487,5,1.0,1983,2.0,rural,fair,732500.0
4036,4,3.0,2009,2.0,rural,good,896400.0
2161,3,1.0,2008,2.0,downtown,good,494300.0
4018,1,1.0,1991,2.0,waterfront,excellent,768200.0
1366,4,3.5,1995,0.0,rural,excellent,399700.0
3293,4,1.0,1991,0.0,rural,excellent,699500.0
2222,3,2.0,2014,3.0,rural,good,474900.0
2876,4,1.0,1974,0.0,rural,excellent,620300.0
4443,3,2.0,2023,3.0,suburbs,excellent,910600.0
1300,2,3.0,2002,3.0,rural,fair,328800.0
3352,5,2.0,2017,1.0,suburbs,excellent,721800.0
1026,2,3.0,1994,2.0,rural,fair,257000.0
1679,3,3.0,1962,0.0,waterfront,fair,374900.0
3151,3,2.0,1975,1.0,downtown,excellent,646500.0
1328,2,1.5,1964,0.0,waterfront,fair,351100.0
2329,1,2.5,1980,3.0,rural,good,487100.0
4446,1,1.0,2020,0.0,rural,good,887700.0
4382,1,3.5,1969,2.0,rural,excellent,891000.0
4396,3,2.5,1978,3.0,waterfront,good,904000.0
4130,4,1.0,1984,3.0,rural,fair,840700.0
4374,3,1.0,1963,1.0,waterfront,good,824800.0
3465,4,3.0,2020,2.0,suburbs,excellent,828000.0
3788,2,1.0,1988,3.0,downtown,excellent,799400.0
973,5,3.5,2022,2.0,downtown,fair,327700.0
1384,4,1.0,1978,0.0,waterfront,excellent,317900.0
815,1,2.0,2002,2.0,suburbs,good,228300.0
1560,3,2.5,1961,3.0,waterfront,excellent,352500.0
2703,2,2.0,1969,1.0,suburbs,fair,576400.0
1392,1,3.5,2020,3.0,rural,excellent,365400.0
3862,2,1.0,2002,2.0,suburbs,good,832900.0
1805,5,3.5,1984,2.0,suburbs,fair,518900.0
3071,3,3.0,1979,3.0,suburbs,good,678300.0
3708,3,2.0,2007,2.0,downtown,fair,815700.0
2861,5,2.0,1978,0.0,suburbs,excellent,672000.0
2492,3,1.5,1982,3.0,rural,fair,527100.0
3829,4,1.0,1983,1.0,rural,fair,767200.0
853,2,3.0,1970,3.0,rural,excellent,253500.0
2600,1,2.0,2005,0.0,suburbs,good,580500.0
2127,5,2.0,1993,0.0,waterfront,excellent,527700.0
4399,4,3.0,2014,0.0,waterfront,fair,915600.0
1989,1,3.5,1987,0.0,rural,excellent,444500.0
1014,1,3.5,1964,0.0,downtown,fair,268900.0
4486,5,1.0,2022,1.0,waterfront,excellent,950200.0
1764,4,1.5,2018,2.0,suburbs,excellent,503200.0
804,1,2.0,1964,0.0,waterfront,good,168300.0
2624,1,1.5,2010,0.0,rural,fair,570000.0
2613,4,3.5,1980,3.0,downtown,good,653600.0
1916,3,3.5,1971,1.0,waterfront,fair,525500.0
2124,1,2.5,2009,1.0,waterfront,excellent,476400.0
4049,2,1.0,1963,2.0,rural,fair,793500.0
3101,4,2.5,2013,1.0,downtown,good,724800.0
3763,1,2.5,2008,3.0,downtown,good,785600.0
2472,5,2.5,2001,3.0,rural,good,600300.0
2660,2,1.0,1979,2.0,suburbs,fair,554900.0
3480,1,1.0,1997,3.0,waterfront,good,627700.0
2303,2,3.0,1984,0.0,suburbs,good,540800.0
1408,2,1.5,1973,0.0,waterfront,good,327000.0
4027,3,1.5,1970,3.0,waterfront,excellent,802300.0
1350,2,3.0,1991,2.0,suburbs,excellent,409000.0
3571,3,3.0,1970,1.0,rural,fair,738900.0
1646,4,3.5,2020,2.0,rural,fair,464200.0
1360,3,2.5,1977,1.0,waterfront,good,403200.0
2846,5,3.0,1986,3.0,rural,excellent,647300.0
3335,1,2.0,2014,3.0,waterfront,good,684700.0
3029,4,1.5,2013,0.0,rural,good,673900.0
3150,4,3.0,1977,1.0,waterfront,excellent,721600.0
1832,5,2.0,2015,2.0,rural,excellent,494000.0
1399,3,2.0,1982,3.0,downtown,excellent,322100.0
2946,1,2.0,1970,2.0,suburbs,fair,580000.0
4074,3,3.5,1980,0.0,downtown,fair,849100.0
2738,2,3.5,2003,1.0,suburbs,good,625300.0
